Organizaciona celina,Januar,Februar,Mart,April,Maj,Jun,Jul,Avgust,Septembar,Oktobar,Novembar,Prosecna produktivnost,Stalno aktivni salteri,Povremeno aktivni salteri,Neaktivni salteri,Ukupno saltera u posti,Automatizovani salteri,Univerzalni salteri,Salteri uplata isplata
 21 101,92,94,84,90,88,95,84,73,82,85,85,86. 5 ,18,0,3,21,21,0,8
 21 102,74,86,79,84,94,87,76,73,77,74,83,80. 57 ,11,2,0,13,13,4,4
 21 103,85,99,105,98,103,99,103,94,99,103,100,98. 88 ,2,0,0,2,2,2,0
 21 104,74,81,67,70,80,75,74,70,73,77,57,72. 49 ,3,0,0,3,3,1,2
 21 105,138,125,136,145,99,138,118,115,91,122,56,116. 68 ,1,0,0,1,1,1,0
 21 106,150,169,150,143,165,159,170,152,156,169,127,155. 49 ,2,0,0,2,2,1,1
 21 107,96,115,98,112,114,106,112,106,101,103,101,105. 84 ,1,0,1,2,1,1,0
 21 108,90,104,94,100,96,89,87,80,97,98,98,93. 97 ,2,0,0,2,2,1,1
 21 109,82,91,80,100,89,90,104,90,82,89,71,87. 97 ,2,1,0,3,3,2,1
 21 110,118,126,114,123,123,120,123,114,107,125,115,118. 92 ,2,0,0,2,2,1,1
 21 111,91,101,72,87,110,100,93,97,98,88,82,92. 59 ,2,0,1,3,2,1,1
 21 112,83,86,83,82,85,83,88,87,75,87,69,82. 69 ,3,1,0,4,4,2,2
 21 113,96,93,92,91,100,90,81,84,85,83,80,88. 51 ,4,1,0,5,5,1,4
 21 114,67,70,65,70,75,75,70,65,60,65,63,67. 68 ,3,1,0,4,4,1,3
 21 115,125,122,100,145,138,118,124,133,107,136,94,122. 1 ,2,0,0,2,2,1,1
 21 116,69,77,72,72,78,77,93,84,96,99,60,79. 81 ,2,0,1,3,2,1,1
 21 117,74,71,76,84,80,78,69,68,65,65,61,71. 95 ,3,0,1,4,3,1,2
 21 118,118,129,116,125,59,125,84,121,116,135,107,112. 22 ,1,1,0,2,2,2,0
 21 119,67,74,60,67,77,87,82,91,84,104,55,77. 17 ,3,0,0,3,3,3,0
 21 120,110,119,115,112,137,133,122,109,129,124,100,119. 04 ,3,1,0,4,4,2,0
 21 121,69,76,64,67,73,68,71,63,70,76,64,69. 13 ,4,0,2,6,4,1,3
 21 122,121,145,131,133,144,174,143,134,97,125,134,134. 64 ,2,0,0,2,2,2,0
 21 123,103,67,64,65,69,74,91,93,92,100,83,81. 85 ,2,0,0,2,2,2,0
 21 124,92,89,89,88,85,89,71,77,84,77,72,82. 92 ,2,1,0,3,3,2,1
 21 125,94,85,70,81,94,88,67,86,101,106,85,86. 96 ,3,0,0,3,3,1,2
 21 126,149,136,56,89,114,136,102,112,112,131,90,111. 43 ,1,0,1,2,1,1,0
 21 127,88,93,89,76,84,81,80,72,78,79,65,80. 57 ,2,0,0,2,2,1,1
 21 128,86,89,91,90,93,91,94,90,88,93,73,88. 9 ,1,0,0,1,1,1,0
 21 129,55,63,75,74,80,75,76,76,80,81,67,72. 92 ,1,0,0,1,1,1,0
 21 130,77,83,82,81,88,88,86,89,83,88,75,83. 62 ,2,0,0,2,2,2,0
 21 131,137,125,131,137,126,132,131,126,121,153,76,126. 9 ,1,0,1,2,1,1,0
 21 132,79,83,73,75,76,79,80,69,71,81,70,75. 92 ,3,1,0,4,4,2,2
 21 133,121,144,119,121,129,123,125,108,120,129,111,122. 58 ,1,0,1,2,1,1,0
 21 135,83,95,89,81,90,89,88,89,86,81,70,85. 56 ,2,0,0,2,2,2,0
 21 136,59,68,58,56,63,66,64,67,69,72,63,64. 28 ,2,0,0,2,2,2,0
 21 137,88,90,84,88,89,91,80,74,78,83,92,85. 2 ,3,1,0,4,4,2,2
 21 138,66,70,74,78,75,78,76,72,79,73,69,73. 73 ,1,0,0,1,1,1,0
 21 139,60,77,74,76,77,80,65,45,51,47,45,63. 37 ,1,0,0,1,1,1,0
 21 140,106,114,117,119,118,114,117,101,100,106,89,109. 2 ,1,0,0,1,1,1,0
 21 141,0,0,88,111,101,78,83,80,83,97,59,70. 69 ,1,1,0,2,2,2,0
 21 201,119,117,110,117,113,121,103,96,101,106,78,107. 37 ,2,0,0,2,2,1,1
 21 203,91,90,84,86,85,87,82,80,80,90,66,83. 81 ,3,0,1,4,3,1,2
 21 204,75,74,68,69,108,60,74,77,84,70,94,77. 41 ,2,0,0,2,2,1,1
 21 205,72,62,64,70,75,66,68,67,67,72,63,67. 91 ,3,0,1,4,3,1,2
 21 207,114,121,106,117,114,114,93,102,103,120,88,108. 34 ,1,0,0,1,1,1,0
 21 208,92,91,81,86,89,93,82,78,78,86,63,83. 47 ,3,0,0,3,3,1,2
 21 209,132,138,131,115,137,123,118,123,123,132,119,126. 39 ,1,0,0,1,1,1,0
 21 211,94,99,85,95,93,104,85,80,90,94,80,91. 01 ,2,0,0,2,2,1,1
 21 212,116,121,109,111,105,121,107,99,100,110,40,103. 52 ,1,0,0,1,1,1,0
 21 213,72,75,73,76,82,82,73,73,78,81,61,74. 9 ,2,1,0,3,3,1,1
 21 214,117,122,112,123,123,119,124,107,110,109,52,110. 79 ,1,0,1,2,1,1,0
 21 215,101,96,94,105,96,100,100,81,101,113,106,99. 38 ,1,0,1,2,1,1,0
 21 216,81,90,77,88,85,82,81,81,83,88,76,82. 82 ,1,0,1,2,1,1,0
 21 217,87,96,83,90,91,76,89,83,83,83,90,86. 45 ,2,0,0,2,2,1,1
 21 220,66,70,67,76,78,69,71,69,67,69,77,70. 75 ,7,1,2,10,8,2,4
 21 221,80,85,77,82,94,76,67,84,83,79,70,79. 77 ,1,0,0,1,1,1,0
 21 225,131,139,127,119,145,128,131,122,125,133,118,128. 84 ,1,0,0,1,1,1,0
 21 226,106,110,100,112,111,98,94,95,95,91,112,102. 14 ,2,0,0,2,2,1,1
 21 227,95,124,118,122,111,107,115,109,120,108,114,112. 96 ,1,0,0,1,1,1,0
 21 230,62,65,68,79,74,68,72,65,63,69,70,68. 49 ,4,0,1,5,4,2,2
 21 232,53,65,59,61,70,66,67,70,65,70,66,64. 89 ,1,0,0,1,1,1,0
 21 233,86,93,91,90,97,91,90,88,91,100,77,90. 35 ,1,0,0,1,1,1,0
 21 234,77,103,75,77,75,87,78,68,76,81,78,79. 46 ,1,1,1,3,2,2,0
 21 235,70,75,76,76,76,74,73,70,75,80,75,74. 56 ,5,0,1,6,5,2,3
 21 236,59,66,53,55,66,56,53,59,59,66,63,59. 52 ,1,0,2,3,1,1,0
 21 237,97,106,111,126,108,94,95,87,93,103,89,101. 07 ,2,0,0,2,2,1,1
 21 238,74,87,81,100,90,80,87,85,84,98,73,85. 4 ,4,0,1,5,4,1,2
 21 239,78,87,98,120,99,89,83,82,94,95,72,90. 71 ,2,0,1,3,2,1,1
 21 240,54,52,59,70,76,73,77,76,90,77,58,69. 24 ,3,1,0,4,4,1,3
 21 241,72,78,74,77,75,90,78,77,75,80,57,75. 67 ,3,0,0,3,3,1,2
 21 242,106,110,100,81,100,104,80,115,101,84,63,94. 98 ,2,0,0,2,2,1,1
 21 243,80,85,87,85,77,98,77,79,80,82,75,82. 45 ,2,0,0,2,2,1,1
 21 244,79,85,81,69,77,65,65,69,78,71,58,72. 42 ,2,0,2,4,2,1,1
 21 245,109,113,110,94,103,111,111,112,125,118,98,109. 41 ,1,0,1,2,1,1,0
 21 246,104,123,118,105,117,104,115,115,130,131,82,113. 06 ,1,0,1,2,1,1,0
 21 247,138,149,131,128,133,126,130,123,151,136,119,133. 1 ,1,0,1,2,1,1,0
 21 248,126,136,128,129,131,123,123,122,147,129,119,128. 48 ,1,0,1,2,1,1,0
 21 249,53,58,53,55,55,62,65,61,67,68,55,59. 32 ,1,0,0,1,1,1,0
 21 299,100,113,101,107,105,105,98,95,99,96,63,98. 48 ,1,0,1,2,1,1,0
 21 300,58,62,55,61,63,78,71,68,69,83,69,66. 83 ,3,1,0,4,4,1,3
 21 311,103,115,99,107,112,124,108,96,106,103,108,107. 3 ,1,0,1,2,1,1,0
 21 312,104,112,103,95,106,113,102,95,107,101,52,99. 1 ,1,0,1,2,1,1,0
 21 313,79,84,76,86,71,90,75,70,74,75,87,78. 8 ,1,0,1,2,1,1,0
 21 314,112,118,110,111,124,83,101,105,107,118,115,109. 35 ,1,0,0,1,1,1,0
 21 315,95,115,97,105,84,82,97,87,100,100,103,96. 86 ,1,0,0,1,1,1,0
 21 400,61,70,64,69,79,59,59,60,61,66,43,62. 98 ,8,0,4,12,8,2,4
 21 401,83,96,99,99,112,101,89,96,101,104,64,94. 85 ,1,0,1,2,1,1,0
 21 402,126,127,112,108,121,117,122,117,121,136,96,118. 45 ,1,0,1,2,1,1,0
 21 403,54,56,65,67,65,69,68,56,67,80,60,64. 2 ,1,0,0,1,1,1,0
 21 409,0,0,0,36,50,60,69,62,66,73,56,42. 8 ,1,3,0,4,4,4,0
 21 410,71,75,68,72,70,73,77,69,76,76,65,72. 08 ,3,1,0,4,4,2,2
 21 411,144,154,137,143,141,163,133,144,135,147,138,143. 72 ,1,0,1,2,1,1,0
 21 412,95,110,101,95,108,95,120,93,95,105,113,102. 68 ,1,0,2,3,1,1,0
 21 413,86,87,87,89,100,82,87,81,83,84,77,85. 68 ,2,0,1,3,2,1,1
 21 420,64,61,59,70,68,67,73,74,59,66,64,66,3,1,0,4,4,1,3
 21 421,98,100,97,98,105,89,83,88,85,95,89,93. 31 ,1,0,1,2,1,1,0
 21 422,117,115,109,111,130,100,103,100,105,119,121,111. 83 ,1,0,2,3,1,1,0
 21 423,109,129,109,110,117,100,98,99,98,77,45,99. 2 ,1,0,2,3,1,1,0
 21 424,122,127,110,113,113,113,114,114,116,130,85,114. 35 ,1,0,1,2,1,1,0
 21 425,111,144,125,112,152,111,112,121,130,130,85,121. 23 ,1,0,1,2,1,1,0
 21 426,79,100,104,121,129,85,108,119,108,87,79,101. 66 ,2,0,0,2,2,1,1
 21 427,108,118,104,114,117,104,112,119,108,123,112,112. 69 ,1,0,0,1,1,1,0
 21 428,144,153,133,145,147,144,142,142,143,147,152,144. 58 ,1,0,0,1,1,1,0
 21 429,127,126,129,126,134,127,110,121,125,127,117,124. 42 ,1,0,0,1,1,1,0
 21 431,121,117,108,118,129,111,113,106,109,123,115,115. 41 ,1,0,0,1,1,1,0
 21 432,111,126,109,110,125,73,109,104,104,121,128,110. 84 ,1,0,2,3,1,1,0
 21 433,111,118,106,106,123,97,105,96,101,118,125,109. 62 ,1,0,1,2,1,1,0
 21 434,118,120,114,94,130,111,113,110,81,98,122,109. 9 ,1,0,0,1,1,1,0
 21 460,68,71,69,76,71,67,65,63,65,69,266,86. 33 ,6,1,2,9,7,2,3
 21 463,99,103,92,96,110,90,102,102,87,103,84,97. 06 ,1,0,1,2,1,1,0
 21 464,95,96,91,86,99,84,104,115,116,91,72,95. 39 ,2,0,0,2,2,1,1
 21 465,83,82,78,107,98,97,86,83,84,82,107,89. 62 ,2,1,0,3,3,1,2
 21 466,103,90,89,101,104,92,93,110,101,105,92,98. 15 ,2,0,1,3,2,1,1
 21 467,122,120,98,115,102,107,105,110,107,98,128,110. 23 ,2,0,0,2,2,1,1
 21 468,91,86,87,91,102,81,90,84,84,100,80,88. 83 ,1,0,1,2,1,1,0
 21 469,142,139,143,144,151,136,115,131,140,140,60,130. 92 ,1,1,0,2,2,2,0
 21 470,65,63,61,61,64,59,80,69,64,69,74,66. 15 ,3,0,2,5,3,1,2
 21 471,88,111,130,135,106,85,94,82,84,83,68,96. 77 ,2,0,0,2,2,1,1
 21 472,94,116,115,118,125,116,145,114,115,111,120,117. 26 ,1,0,1,2,1,1,0
 21 473,99,104,97,103,112,97,120,96,106,109,94,103. 45 ,1,0,1,2,1,1,0
 21 480,63,66,58,71,64,62,64,68,78,68,60,65. 54 ,4,0,1,5,4,1,2
